<?xml version="1.0" encoding="UTF-8"?>

<Questionnaire xmlns="http://hl7.org/fhir">
  <id value="demographics"/>
  <text>
    <status value="generated"/><div xmlns="http://www.w3.org/1999/xhtml"><table border="1" cellpadding="0" cellspacing="0" style="border: 1px #F0F0F0 solid; font-size: 11px; font-family: verdana; vertical-align: top;"><tr style="border: 2px #F0F0F0 solid; font-size: 11px; font-family: verdana; vertical-align: top"><th style="vertical-align: top; text-align : left; background-color: white; border: 1px #F0F0F0 solid; padding:0px 4px 0px 4px" class="hierarchy"><a href="http://hl7.org/fhir/R4/formats.html#table" title="The linkId for the item">LinkId</a></th><th style="vertical-align: top; text-align : left; background-color: white; border: 1px #F0F0F0 solid; padding:0px 4px 0px 4px" class="hierarchy"><a href="http://hl7.org/fhir/R4/formats.html#table" title="Text for the item">Text</a></th><th style="vertical-align: top; text-align : left; background-color: white; border: 1px #F0F0F0 solid; padding:0px 4px 0px 4px" class="hierarchy"><a href="http://hl7.org/fhir/R4/formats.html#table" title="Minimum and Maximum # of times the the itemcan appear in the instance">Cardinality</a></th><th style="vertical-align: top; text-align : left; background-color: white; border: 1px #F0F0F0 solid; padding:0px 4px 0px 4px" class="hierarchy"><a href="http://hl7.org/fhir/R4/formats.html#table" title="The type of the item">Type</a></th><th style="vertical-align: top; text-align : left; background-color: white; border: 1px #F0F0F0 solid; padding:0px 4px 0px 4px" class="hierarchy"><a href="http://hl7.org/fhir/R4/formats.html#table" title="Other attributes of the item">Flags</a></th><th style="vertical-align: top; text-align : left; background-color: white; border: 1px #F0F0F0 solid; padding:0px 4px 0px 4px" class="hierarchy"><a href="http://hl7.org/fhir/R4/formats.html#table" title="Additional information about the item">Description &amp; Constraints</a><span style="float: right"><a href="http://hl7.org/fhir/R4/formats.html#table" title="Legend for this format"><img src="http://hl7.org/fhir/R4/help16.png" alt="doco" style="background-color: inherit"/></a></span></th></tr><tr style="border: 1px #F0F0F0 solid; padding:0px; vertical-align: top; background-color: white"><td style="vertical-align: top; text-align : left; background-color: white; border: 1px #F0F0F0 solid; padding:0px 4px 0px 4px; white-space: nowrap; background-image: url(tbl_bck1.png)" class="hierarchy"><img src="tbl_spacer.png" alt="." style="background-color: inherit" class="hierarchy"/><img src="icon_q_root.gif" alt="." style="background-color: white; background-color: inherit" title="QuestionnaireRoot" class="hierarchy"/> DemographicExample</td><td style="vertical-align: top; text-align : left; background-color: white; border: 1px #F0F0F0 solid; padding:0px 4px 0px 4px" class="hierarchy"></td><td style="vertical-align: top; text-align : left; background-color: white; border: 1px #F0F0F0 solid; padding:0px 4px 0px 4px" class="hierarchy"></td><td style="vertical-align: top; text-align : left; background-color: white; border: 1px #F0F0F0 solid; padding:0px 4px 0px 4px" class="hierarchy">Questionnaire</td><td style="vertical-align: top; text-align : left; background-color: white; border: 1px #F0F0F0 solid; padding:0px 4px 0px 4px" class="hierarchy"></td><td style="vertical-align: top; text-align : left; background-color: white; border: 1px #F0F0F0 solid; padding:0px 4px 0px 4px" class="hierarchy">A sample questionnaire using context-based population and extraction</td></tr>
<tr style="border: 1px #F0F0F0 solid; padding:0px; vertical-align: top; background-color: #F7F7F7"><td style="vertical-align: top; text-align : left; background-color: #F7F7F7; border: 1px #F0F0F0 solid; padding:0px 4px 0px 4px; white-space: nowrap; background-image: url(tbl_bck10.png)" class="hierarchy"><img src="tbl_spacer.png" alt="." style="background-color: inherit" class="hierarchy"/><img src="tbl_vjoin.png" alt="." style="background-color: inherit" class="hierarchy"/><img src="icon-q-string.png" alt="." style="background-color: #F7F7F7; background-color: inherit" title="String" class="hierarchy"/> patient.id</td><td style="vertical-align: top; text-align : left; background-color: #F7F7F7; border: 1px #F0F0F0 solid; padding:0px 4px 0px 4px" class="hierarchy">(internal use)</td><td style="vertical-align: top; text-align : left; background-color: #F7F7F7; border: 1px #F0F0F0 solid; padding:0px 4px 0px 4px" class="hierarchy">0..1</td><td style="vertical-align: top; text-align : left; background-color: #F7F7F7; border: 1px #F0F0F0 solid; padding:0px 4px 0px 4px" class="hierarchy"><a href="http://hl7.org/fhir/R4/codesystem-item-type.html#item-type-string">string</a></td><td style="vertical-align: top; text-align : left; background-color: #F7F7F7; border: 1px #F0F0F0 solid; padding:0px 4px 0px 4px" class="hierarchy"><a href="http://hl7.org/fhir/R4/questionnaire-definitions.html#Questionnaire.item.readOnly" title="Is Readonly"><img src="icon-qi-readonly.png"/></a><a href="http://hl7.org/fhir/R4/extension-questionnaire-hidden.html" title="Is a hidden item"><img src="icon-qi-hidden.png"/></a></td><td style="vertical-align: top; text-align : left; background-color: #F7F7F7; border: 1px #F0F0F0 solid; padding:0px 4px 0px 4px" class="hierarchy">Definition: Patient.id<br/>Expressions: <ul><li style="font-size: 11px"><a href="http://hl7.org/fhir/uv/sdc/StructureDefinition/sdc-questionnaire-initialExpression">Initial Value</a>: <code>%patient.id</code></li></ul></td></tr>
<tr style="border: 1px #F0F0F0 solid; padding:0px; vertical-align: top; background-color: white"><td style="vertical-align: top; text-align : left; background-color: white; border: 1px #F0F0F0 solid; padding:0px 4px 0px 4px; white-space: nowrap; background-image: url(tbl_bck10.png)" class="hierarchy"><img src="tbl_spacer.png" alt="." style="background-color: inherit" class="hierarchy"/><img src="tbl_vjoin.png" alt="." style="background-color: inherit" class="hierarchy"/><img src="icon-q-date.png" alt="." style="background-color: white; background-color: inherit" title="Date" class="hierarchy"/> patient.birthDate</td><td style="vertical-align: top; text-align : left; background-color: white; border: 1px #F0F0F0 solid; padding:0px 4px 0px 4px" class="hierarchy">Date of birth</td><td style="vertical-align: top; text-align : left; background-color: white; border: 1px #F0F0F0 solid; padding:0px 4px 0px 4px" class="hierarchy">1..1</td><td style="vertical-align: top; text-align : left; background-color: white; border: 1px #F0F0F0 solid; padding:0px 4px 0px 4px" class="hierarchy"><a href="http://hl7.org/fhir/R4/codesystem-item-type.html#item-type-date">date</a></td><td style="vertical-align: top; text-align : left; background-color: white; border: 1px #F0F0F0 solid; padding:0px 4px 0px 4px" class="hierarchy"/><td style="vertical-align: top; text-align : left; background-color: white; border: 1px #F0F0F0 solid; padding:0px 4px 0px 4px" class="hierarchy">Definition: Patient.birthDate<br/>Expressions: <ul><li style="font-size: 11px"><a href="http://hl7.org/fhir/uv/sdc/StructureDefinition/sdc-questionnaire-initialExpression">Initial Value</a>: <code>%patient.birthDate</code></li></ul></td></tr>
<tr style="border: 1px #F0F0F0 solid; padding:0px; vertical-align: top; background-color: #F7F7F7"><td style="vertical-align: top; text-align : left; background-color: #F7F7F7; border: 1px #F0F0F0 solid; padding:0px 4px 0px 4px; white-space: nowrap; background-image: url(tbl_bck11.png)" class="hierarchy"><img src="tbl_spacer.png" alt="." style="background-color: inherit" class="hierarchy"/><img src="tbl_vjoin.png" alt="." style="background-color: inherit" class="hierarchy"/><img src="icon-q-group.png" alt="." style="background-color: #F7F7F7; background-color: inherit" title="Group" class="hierarchy"/> patient.name</td><td style="vertical-align: top; text-align : left; background-color: #F7F7F7; border: 1px #F0F0F0 solid; padding:0px 4px 0px 4px" class="hierarchy">Name(s)</td><td style="vertical-align: top; text-align : left; background-color: #F7F7F7; border: 1px #F0F0F0 solid; padding:0px 4px 0px 4px" class="hierarchy">0..*</td><td style="vertical-align: top; text-align : left; background-color: #F7F7F7; border: 1px #F0F0F0 solid; padding:0px 4px 0px 4px" class="hierarchy"><a href="http://hl7.org/fhir/R4/codesystem-item-type.html#item-type-group">group</a></td><td style="vertical-align: top; text-align : left; background-color: #F7F7F7; border: 1px #F0F0F0 solid; padding:0px 4px 0px 4px" class="hierarchy"/><td style="vertical-align: top; text-align : left; background-color: #F7F7F7; border: 1px #F0F0F0 solid; padding:0px 4px 0px 4px" class="hierarchy">Definition: Patient.name</td></tr>
<tr style="border: 1px #F0F0F0 solid; padding:0px; vertical-align: top; background-color: white"><td style="vertical-align: top; text-align : left; background-color: white; border: 1px #F0F0F0 solid; padding:0px 4px 0px 4px; white-space: nowrap; background-image: url(tbl_bck110.png)" class="hierarchy"><img src="tbl_spacer.png" alt="." style="background-color: inherit" class="hierarchy"/><img src="tbl_vline.png" alt="." style="background-color: inherit" class="hierarchy"/><img src="tbl_vjoin.png" alt="." style="background-color: inherit" class="hierarchy"/><img src="icon-q-string.png" alt="." style="background-color: white; background-color: inherit" title="String" class="hierarchy"/> patient.name.family</td><td style="vertical-align: top; text-align : left; background-color: white; border: 1px #F0F0F0 solid; padding:0px 4px 0px 4px" class="hierarchy">Family name</td><td style="vertical-align: top; text-align : left; background-color: white; border: 1px #F0F0F0 solid; padding:0px 4px 0px 4px" class="hierarchy">1..1</td><td style="vertical-align: top; text-align : left; background-color: white; border: 1px #F0F0F0 solid; padding:0px 4px 0px 4px" class="hierarchy"><a href="http://hl7.org/fhir/R4/codesystem-item-type.html#item-type-string">string</a></td><td style="vertical-align: top; text-align : left; background-color: white; border: 1px #F0F0F0 solid; padding:0px 4px 0px 4px" class="hierarchy"/><td style="vertical-align: top; text-align : left; background-color: white; border: 1px #F0F0F0 solid; padding:0px 4px 0px 4px" class="hierarchy">Definition: Patient.name.family<br/>Expressions: <ul><li style="font-size: 11px"><a href="http://hl7.org/fhir/uv/sdc/StructureDefinition/sdc-questionnaire-initialExpression">Initial Value</a>: <code>%patientName.family</code></li></ul></td></tr>
<tr style="border: 1px #F0F0F0 solid; padding:0px; vertical-align: top; background-color: #F7F7F7"><td style="vertical-align: top; text-align : left; background-color: #F7F7F7; border: 1px #F0F0F0 solid; padding:0px 4px 0px 4px; white-space: nowrap; background-image: url(tbl_bck100.png)" class="hierarchy"><img src="tbl_spacer.png" alt="." style="background-color: inherit" class="hierarchy"/><img src="tbl_vline.png" alt="." style="background-color: inherit" class="hierarchy"/><img src="tbl_vjoin_end.png" alt="." style="background-color: inherit" class="hierarchy"/><img src="icon-q-string.png" alt="." style="background-color: #F7F7F7; background-color: inherit" title="String" class="hierarchy"/> patient.name.given</td><td style="vertical-align: top; text-align : left; background-color: #F7F7F7; border: 1px #F0F0F0 solid; padding:0px 4px 0px 4px" class="hierarchy">Given name(s)</td><td style="vertical-align: top; text-align : left; background-color: #F7F7F7; border: 1px #F0F0F0 solid; padding:0px 4px 0px 4px" class="hierarchy">1..*</td><td style="vertical-align: top; text-align : left; background-color: #F7F7F7; border: 1px #F0F0F0 solid; padding:0px 4px 0px 4px" class="hierarchy"><a href="http://hl7.org/fhir/R4/codesystem-item-type.html#item-type-string">string</a></td><td style="vertical-align: top; text-align : left; background-color: #F7F7F7; border: 1px #F0F0F0 solid; padding:0px 4px 0px 4px" class="hierarchy"/><td style="vertical-align: top; text-align : left; background-color: #F7F7F7; border: 1px #F0F0F0 solid; padding:0px 4px 0px 4px" class="hierarchy">Definition: Patient.name.given<br/>Expressions: <ul><li style="font-size: 11px"><a href="http://hl7.org/fhir/uv/sdc/StructureDefinition/sdc-questionnaire-initialExpression">Initial Value</a>: <code>%patientName.given</code></li></ul></td></tr>
<tr style="border: 1px #F0F0F0 solid; padding:0px; vertical-align: top; background-color: white"><td style="vertical-align: top; text-align : left; background-color: white; border: 1px #F0F0F0 solid; padding:0px 4px 0px 4px; white-space: nowrap; background-image: url(tbl_bck01.png)" class="hierarchy"><img src="tbl_spacer.png" alt="." style="background-color: inherit" class="hierarchy"/><img src="tbl_vjoin_end.png" alt="." style="background-color: inherit" class="hierarchy"/><img src="icon-q-group.png" alt="." style="background-color: white; background-color: inherit" title="Group" class="hierarchy"/> relative</td><td style="vertical-align: top; text-align : left; background-color: white; border: 1px #F0F0F0 solid; padding:0px 4px 0px 4px" class="hierarchy">Relatives, caregivers and other personal relationships</td><td style="vertical-align: top; text-align : left; background-color: white; border: 1px #F0F0F0 solid; padding:0px 4px 0px 4px" class="hierarchy">0..*</td><td style="vertical-align: top; text-align : left; background-color: white; border: 1px #F0F0F0 solid; padding:0px 4px 0px 4px" class="hierarchy"><a href="http://hl7.org/fhir/R4/codesystem-item-type.html#item-type-group">group</a></td><td style="vertical-align: top; text-align : left; background-color: white; border: 1px #F0F0F0 solid; padding:0px 4px 0px 4px" class="hierarchy"/><td style="vertical-align: top; text-align : left; background-color: white; border: 1px #F0F0F0 solid; padding:0px 4px 0px 4px" class="hierarchy"/></tr>
<tr style="border: 1px #F0F0F0 solid; padding:0px; vertical-align: top; background-color: #F7F7F7"><td style="vertical-align: top; text-align : left; background-color: #F7F7F7; border: 1px #F0F0F0 solid; padding:0px 4px 0px 4px; white-space: nowrap; background-image: url(tbl_bck010.png)" class="hierarchy"><img src="tbl_spacer.png" alt="." style="background-color: inherit" class="hierarchy"/><img src="tbl_blank.png" alt="." style="background-color: inherit" class="hierarchy"/><img src="tbl_vjoin.png" alt="." style="background-color: inherit" class="hierarchy"/><img src="icon-q-string.png" alt="." style="background-color: #F7F7F7; background-color: inherit" title="String" class="hierarchy"/> relative.id</td><td style="vertical-align: top; text-align : left; background-color: #F7F7F7; border: 1px #F0F0F0 solid; padding:0px 4px 0px 4px" class="hierarchy">(internal use)</td><td style="vertical-align: top; text-align : left; background-color: #F7F7F7; border: 1px #F0F0F0 solid; padding:0px 4px 0px 4px" class="hierarchy">0..1</td><td style="vertical-align: top; text-align : left; background-color: #F7F7F7; border: 1px #F0F0F0 solid; padding:0px 4px 0px 4px" class="hierarchy"><a href="http://hl7.org/fhir/R4/codesystem-item-type.html#item-type-string">string</a></td><td style="vertical-align: top; text-align : left; background-color: #F7F7F7; border: 1px #F0F0F0 solid; padding:0px 4px 0px 4px" class="hierarchy"><a href="http://hl7.org/fhir/R4/questionnaire-definitions.html#Questionnaire.item.readOnly" title="Is Readonly"><img src="icon-qi-readonly.png"/></a><a href="http://hl7.org/fhir/R4/extension-questionnaire-hidden.html" title="Is a hidden item"><img src="icon-qi-hidden.png"/></a></td><td style="vertical-align: top; text-align : left; background-color: #F7F7F7; border: 1px #F0F0F0 solid; padding:0px 4px 0px 4px" class="hierarchy">Definition: RelatedPerson.id<br/>Expressions: <ul><li style="font-size: 11px"><a href="http://hl7.org/fhir/uv/sdc/StructureDefinition/sdc-questionnaire-initialExpression">Initial Value</a>: <code>%relative.id</code></li></ul></td></tr>
<tr style="border: 1px #F0F0F0 solid; padding:0px; vertical-align: top; background-color: white"><td style="vertical-align: top; text-align : left; background-color: white; border: 1px #F0F0F0 solid; padding:0px 4px 0px 4px; white-space: nowrap; background-image: url(tbl_bck010.png)" class="hierarchy"><img src="tbl_spacer.png" alt="." style="background-color: inherit" class="hierarchy"/><img src="tbl_blank.png" alt="." style="background-color: inherit" class="hierarchy"/><img src="tbl_vjoin.png" alt="." style="background-color: inherit" class="hierarchy"/><img src="icon-q-coding.png" alt="." style="background-color: white; background-color: inherit" title="Coding" class="hierarchy"/> relative.relationship</td><td style="vertical-align: top; text-align : left; background-color: white; border: 1px #F0F0F0 solid; padding:0px 4px 0px 4px" class="hierarchy">Name(s)</td><td style="vertical-align: top; text-align : left; background-color: white; border: 1px #F0F0F0 solid; padding:0px 4px 0px 4px" class="hierarchy">1..*</td><td style="vertical-align: top; text-align : left; background-color: white; border: 1px #F0F0F0 solid; padding:0px 4px 0px 4px" class="hierarchy"><a href="http://hl7.org/fhir/R4/codesystem-item-type.html#item-type-choice">choice</a></td><td style="vertical-align: top; text-align : left; background-color: white; border: 1px #F0F0F0 solid; padding:0px 4px 0px 4px" class="hierarchy"/><td style="vertical-align: top; text-align : left; background-color: white; border: 1px #F0F0F0 solid; padding:0px 4px 0px 4px" class="hierarchy">Definition: RelatedPerson.relationship<br/>Value Set: <a href="http://hl7.org/fhir/R4/valueset-relatedperson-relationshiptype.html">Patient relationship type</a><br/>Expressions: <ul><li style="font-size: 11px"><a href="http://hl7.org/fhir/uv/sdc/StructureDefinition/sdc-questionnaire-initialExpression">Initial Value</a>: <code>%relative.relationship</code></li></ul></td></tr>
<tr style="border: 1px #F0F0F0 solid; padding:0px; vertical-align: top; background-color: #F7F7F7"><td style="vertical-align: top; text-align : left; background-color: #F7F7F7; border: 1px #F0F0F0 solid; padding:0px 4px 0px 4px; white-space: nowrap; background-image: url(tbl_bck001.png)" class="hierarchy"><img src="tbl_spacer.png" alt="." style="background-color: inherit" class="hierarchy"/><img src="tbl_blank.png" alt="." style="background-color: inherit" class="hierarchy"/><img src="tbl_vjoin_end.png" alt="." style="background-color: inherit" class="hierarchy"/><img src="icon-q-group.png" alt="." style="background-color: #F7F7F7; background-color: inherit" title="Group" class="hierarchy"/> relative.name</td><td style="vertical-align: top; text-align : left; background-color: #F7F7F7; border: 1px #F0F0F0 solid; padding:0px 4px 0px 4px" class="hierarchy">Name(s)</td><td style="vertical-align: top; text-align : left; background-color: #F7F7F7; border: 1px #F0F0F0 solid; padding:0px 4px 0px 4px" class="hierarchy">0..*</td><td style="vertical-align: top; text-align : left; background-color: #F7F7F7; border: 1px #F0F0F0 solid; padding:0px 4px 0px 4px" class="hierarchy"><a href="http://hl7.org/fhir/R4/codesystem-item-type.html#item-type-group">group</a></td><td style="vertical-align: top; text-align : left; background-color: #F7F7F7; border: 1px #F0F0F0 solid; padding:0px 4px 0px 4px" class="hierarchy"/><td style="vertical-align: top; text-align : left; background-color: #F7F7F7; border: 1px #F0F0F0 solid; padding:0px 4px 0px 4px" class="hierarchy">Definition: RelatedPerson.name</td></tr>
<tr style="border: 1px #F0F0F0 solid; padding:0px; vertical-align: top; background-color: white"><td style="vertical-align: top; text-align : left; background-color: white; border: 1px #F0F0F0 solid; padding:0px 4px 0px 4px; white-space: nowrap; background-image: url(tbl_bck0010.png)" class="hierarchy"><img src="tbl_spacer.png" alt="." style="background-color: inherit" class="hierarchy"/><img src="tbl_blank.png" alt="." style="background-color: inherit" class="hierarchy"/><img src="tbl_blank.png" alt="." style="background-color: inherit" class="hierarchy"/><img src="tbl_vjoin.png" alt="." style="background-color: inherit" class="hierarchy"/><img src="icon-q-string.png" alt="." style="background-color: white; background-color: inherit" title="String" class="hierarchy"/> relative.name.family</td><td style="vertical-align: top; text-align : left; background-color: white; border: 1px #F0F0F0 solid; padding:0px 4px 0px 4px" class="hierarchy">Family name</td><td style="vertical-align: top; text-align : left; background-color: white; border: 1px #F0F0F0 solid; padding:0px 4px 0px 4px" class="hierarchy">1..1</td><td style="vertical-align: top; text-align : left; background-color: white; border: 1px #F0F0F0 solid; padding:0px 4px 0px 4px" class="hierarchy"><a href="http://hl7.org/fhir/R4/codesystem-item-type.html#item-type-string">string</a></td><td style="vertical-align: top; text-align : left; background-color: white; border: 1px #F0F0F0 solid; padding:0px 4px 0px 4px" class="hierarchy"/><td style="vertical-align: top; text-align : left; background-color: white; border: 1px #F0F0F0 solid; padding:0px 4px 0px 4px" class="hierarchy">Definition: RelatedPerson.name.family<br/>Expressions: <ul><li style="font-size: 11px"><a href="http://hl7.org/fhir/uv/sdc/StructureDefinition/sdc-questionnaire-initialExpression">Initial Value</a>: <code>%relativeName.family</code></li></ul></td></tr>
<tr style="border: 1px #F0F0F0 solid; padding:0px; vertical-align: top; background-color: #F7F7F7"><td style="vertical-align: top; text-align : left; background-color: #F7F7F7; border: 1px #F0F0F0 solid; padding:0px 4px 0px 4px; white-space: nowrap; background-image: url(tbl_bck0000.png)" class="hierarchy"><img src="tbl_spacer.png" alt="." style="background-color: inherit" class="hierarchy"/><img src="tbl_blank.png" alt="." style="background-color: inherit" class="hierarchy"/><img src="tbl_blank.png" alt="." style="background-color: inherit" class="hierarchy"/><img src="tbl_vjoin_end.png" alt="." style="background-color: inherit" class="hierarchy"/><img src="icon-q-string.png" alt="." style="background-color: #F7F7F7; background-color: inherit" title="String" class="hierarchy"/> relative.name.given</td><td style="vertical-align: top; text-align : left; background-color: #F7F7F7; border: 1px #F0F0F0 solid; padding:0px 4px 0px 4px" class="hierarchy">Given name(s)</td><td style="vertical-align: top; text-align : left; background-color: #F7F7F7; border: 1px #F0F0F0 solid; padding:0px 4px 0px 4px" class="hierarchy">1..*</td><td style="vertical-align: top; text-align : left; background-color: #F7F7F7; border: 1px #F0F0F0 solid; padding:0px 4px 0px 4px" class="hierarchy"><a href="http://hl7.org/fhir/R4/codesystem-item-type.html#item-type-string">string</a></td><td style="vertical-align: top; text-align : left; background-color: #F7F7F7; border: 1px #F0F0F0 solid; padding:0px 4px 0px 4px" class="hierarchy"/><td style="vertical-align: top; text-align : left; background-color: #F7F7F7; border: 1px #F0F0F0 solid; padding:0px 4px 0px 4px" class="hierarchy">Definition: RelatedPerson.name.given<br/>Expressions: <ul><li style="font-size: 11px"><a href="http://hl7.org/fhir/uv/sdc/StructureDefinition/sdc-questionnaire-initialExpression">Initial Value</a>: <code>%relativeName.given</code></li></ul></td></tr>
<tr><td colspan="6" class="hierarchy"><br/><a href="http://hl7.org/fhir/R4/formats.html#table" title="Legend for this format"><img src="http://hl7.org/fhir/R4/help16.png" alt="doco" style="background-color: inherit"/> Documentation for this format</a></td></tr></table></div>
  </text>
  <extension url="http://hl7.org/fhir/uv/sdc/StructureDefinition/sdc-questionnaire-launchContext">
    <extension url="name">
      <valueCoding>
        <system value="http://hl7.org/fhir/uv/sdc/CodeSystem/launchContext"/>
        <code value="patient"/>
      </valueCoding>
    </extension>
    <extension url="type">
      <valueCode value="Patient"/>
    </extension>
  </extension>
  <extension url="http://hl7.org/fhir/uv/sdc/StructureDefinition/sdc-questionnaire-itemExtractionContext">
    <valueExpression>
      <language value="application/x-fhir-query"/>
      <expression value="Patient?_id={{%patient.id}}"/>
    </valueExpression>
  </extension>
  <url value="http://hl7.org/fhir/uv/sdc/Questionnaire/demographics"/>
  <version value="0.0.1"/>
  <name value="DemographicExample"/>
  <title value="Questionnaire - Demographics Example"/>
  <status value="draft"/>
  <subjectType value="Patient"/>
  <date value="2021-10-26T00:03:21+00:00"/>
  <publisher value="IntraHealth International"/>
  <contact>
    <name value="IntraHealth International"/>
    <telecom>
      <system value="url"/>
      <value value="https://www.intrahealth.org"/>
    </telecom>
    <telecom>
      <system value="email"/>
      <value value="digitalhealth@intrahealth.org"/>
    </telecom>
  </contact>
  <contact>
    <name value="Digital Health Team"/>
    <telecom>
      <system value="email"/>
      <value value="digitalhealth@intrahealth.org"/>
      <use value="work"/>
    </telecom>
  </contact>
  <description value="A sample questionnaire using context-based population and extraction"/>
  <jurisdiction>
    <coding>
      <system value="http://unstats.un.org/unsd/methods/m49/m49.htm"/>
      <code value="001"/>
      <display value="World"/>
    </coding>
  </jurisdiction>
  <item>
    <extension url="http://hl7.org/fhir/StructureDefinition/questionnaire-hidden">
      <valueBoolean value="true"/>
    </extension>
    <extension url="http://hl7.org/fhir/uv/sdc/StructureDefinition/sdc-questionnaire-initialExpression">
      <valueExpression>
        <language value="text/fhirpath"/>
        <expression value="%patient.id"/>
      </valueExpression>
    </extension>
    <linkId value="patient.id"/>
    <definition value="Patient.id"/>
    <text value="(internal use)"/>
    <type value="string"/>
    <readOnly value="true"/>
  </item>
  <item>
    <extension url="http://hl7.org/fhir/uv/sdc/StructureDefinition/sdc-questionnaire-initialExpression">
      <valueExpression>
        <language value="text/fhirpath"/>
        <expression value="%patient.birthDate"/>
      </valueExpression>
    </extension>
    <linkId value="patient.birthDate"/>
    <definition value="Patient.birthDate"/>
    <text value="Date of birth"/>
    <type value="date"/>
    <required value="true"/>
  </item>
  <item>
    <extension url="http://hl7.org/fhir/uv/sdc/StructureDefinition/sdc-questionnaire-itemPopulationContext">
      <valueExpression>
        <name value="patientName"/>
        <language value="text/fhirpath"/>
        <expression value="%patient.name"/>
      </valueExpression>
    </extension>
    <linkId value="patient.name"/>
    <definition value="Patient.name"/>
    <text value="Name(s)"/>
    <type value="group"/>
    <repeats value="true"/>
    <item>
      <extension url="http://hl7.org/fhir/uv/sdc/StructureDefinition/sdc-questionnaire-initialExpression">
        <valueExpression>
          <language value="text/fhirpath"/>
          <expression value="%patientName.family"/>
        </valueExpression>
      </extension>
      <linkId value="patient.name.family"/>
      <definition value="Patient.name.family"/>
      <text value="Family name"/>
      <type value="string"/>
      <required value="true"/>
    </item>
    <item>
      <extension url="http://hl7.org/fhir/uv/sdc/StructureDefinition/sdc-questionnaire-initialExpression">
        <valueExpression>
          <language value="text/fhirpath"/>
          <expression value="%patientName.given"/>
        </valueExpression>
      </extension>
      <linkId value="patient.name.given"/>
      <definition value="Patient.name.given"/>
      <text value="Given name(s)"/>
      <type value="string"/>
      <required value="true"/>
      <repeats value="true"/>
    </item>
  </item>
  <item>
    <extension url="http://hl7.org/fhir/uv/sdc/StructureDefinition/sdc-questionnaire-itemPopulationContext">
      <valueExpression>
        <name value="relative"/>
        <language value="application/x-fhir-query"/>
        <expression value="RelatedPerson?patient={{%patient.id}}"/>
      </valueExpression>
    </extension>
    <extension url="http://hl7.org/fhir/uv/sdc/StructureDefinition/sdc-questionnaire-itemExtractionContext">
      <valueExpression>
        <language value="application/x-fhir-query"/>
        <expression value="RelatedPerson?patient={{%patient.id}}"/>
      </valueExpression>
    </extension>
    <linkId value="relative"/>
    <text value="Relatives, caregivers and other personal relationships"/>
    <type value="group"/>
    <repeats value="true"/>
    <item>
      <extension url="http://hl7.org/fhir/StructureDefinition/questionnaire-hidden">
        <valueBoolean value="true"/>
      </extension>
      <extension url="http://hl7.org/fhir/uv/sdc/StructureDefinition/sdc-questionnaire-initialExpression">
        <valueExpression>
          <language value="text/fhirpath"/>
          <expression value="%relative.id"/>
        </valueExpression>
      </extension>
      <linkId value="relative.id"/>
      <definition value="RelatedPerson.id"/>
      <text value="(internal use)"/>
      <type value="string"/>
      <readOnly value="true"/>
    </item>
    <item>
      <extension url="http://hl7.org/fhir/uv/sdc/StructureDefinition/sdc-questionnaire-initialExpression">
        <valueExpression>
          <language value="text/fhirpath"/>
          <expression value="%relative.relationship"/>
        </valueExpression>
      </extension>
      <linkId value="relative.relationship"/>
      <definition value="RelatedPerson.relationship"/>
      <text value="Name(s)"/>
      <type value="choice"/>
      <required value="true"/>
      <repeats value="true"/>
      <answerValueSet value="http://hl7.org/fhir/ValueSet/relatedperson-relationshiptype"/>
    </item>
    <item>
      <extension url="http://hl7.org/fhir/uv/sdc/StructureDefinition/sdc-questionnaire-itemPopulationContext">
        <valueExpression>
          <name value="relativeName"/>
          <language value="text/fhirpath"/>
          <expression value="%relative.name"/>
        </valueExpression>
      </extension>
      <linkId value="relative.name"/>
      <definition value="RelatedPerson.name"/>
      <text value="Name(s)"/>
      <type value="group"/>
      <repeats value="true"/>
      <item>
        <extension url="http://hl7.org/fhir/uv/sdc/StructureDefinition/sdc-questionnaire-initialExpression">
          <valueExpression>
            <language value="text/fhirpath"/>
            <expression value="%relativeName.family"/>
          </valueExpression>
        </extension>
        <linkId value="relative.name.family"/>
        <definition value="RelatedPerson.name.family"/>
        <text value="Family name"/>
        <type value="string"/>
        <required value="true"/>
      </item>
      <item>
        <extension url="http://hl7.org/fhir/uv/sdc/StructureDefinition/sdc-questionnaire-initialExpression">
          <valueExpression>
            <language value="text/fhirpath"/>
            <expression value="%relativeName.given"/>
          </valueExpression>
        </extension>
        <linkId value="relative.name.given"/>
        <definition value="RelatedPerson.name.given"/>
        <text value="Given name(s)"/>
        <type value="string"/>
        <required value="true"/>
        <repeats value="true"/>
      </item>
    </item>
  </item>
</Questionnaire>